exp_id,method,space,K,macro_f1_val,top1_val,ece_val
I00,I00 1-view,prob,1,0.9721216018055296,0.9788631819480148,0.012920036597620248
I00,I00 1-view,logit,1,0.9721216018055296,0.9788631819480148,0.012920036597620248
I01,I01 flip,prob,2,0.9717354836770122,0.9785775492716366,0.01368872603352042
I01,I01 flip,logit,2,0.9715181560615714,0.9785775492716366,0.012154138852814772
I02,I02 5crop192,prob,1,0.9694848485079761,0.9762924878606113,0.009624376529758618
I02,I02 5crop192,logit,1,0.9694848485079761,0.9762924878606113,0.009624376529758618
I02b,I02b 5crop+flip192,prob,1,0.9702735855175493,0.9765781205369894,0.008051217641968166
I02b,I02b 5crop+flip192,logit,1,0.9702735855175493,0.9765781205369894,0.008051217641968166
I04,res224,prob,1,0.9721216018055296,0.9788631819480148,0.012920036597620248
I04,res256,prob,1,0.9756305669882346,0.9817195087117966,0.019743954611294304
I04,res288,prob,1,0.9776038466631847,0.9825764067409312,0.02986718457806225
I04,res320,prob,1,0.9776689486832308,0.9820051413881749,0.03811707823609338
I07,temperature trước (T=0.875),prob,1,0.9721216018055296,0.9788631819480148,0.012920036597620248
I07,temperature sau (T=0.875),prob,1,0.9721216018055296,0.9788631819480148,0.005416760817621459
