gpu,dtype,batch,img_size,p50,p95,p99,images_per_s,torch,fuse_bn,k,p50_1view,p50_batched,p50_k_times_1view,p95_batched,p99_batched
Tesla T4,fp32,1.0,224.0,5.744898000102694,6.002002850084409,6.080112140034545,174.0674943196771,2.11.0+cu128,False,,,,,,
Tesla T4,amp,1.0,224.0,7.7958690000059505,8.473864000063713,8.985124089981582,128.27306359294093,2.11.0+cu128,False,,,,,,
Tesla T4,fp16,1.0,224.0,5.767892999983815,6.169829899965862,6.311334499941955,173.37353518915938,2.11.0+cu128,False,,,,,,
Tesla T4,fp32,32.0,224.0,136.08974149997266,138.44875690004983,139.84847289990284,235.13895792069258,2.11.0+cu128,False,,,,,,
Tesla T4,amp,32.0,224.0,50.29491400000552,51.34776399994507,51.64649666008472,636.2472356548117,2.11.0+cu128,False,,,,,,
Tesla T4,fp16,32.0,224.0,40.42794149995643,41.080496949939516,41.26709074994551,791.5317677016645,2.11.0+cu128,False,,,,,,
Tesla T4,fp32,1.0,224.0,5.796956000040154,8.896373599930028,10.781854769984422,172.50432813239797,2.11.0+cu128,True,,,,,,
Tesla T4,fp32,32.0,224.0,142.29943100008313,144.45264975000782,145.60333062004702,224.87791957496518,2.11.0+cu128,True,,,,,,
Tesla T4,,,,,,,,,,2.0,5.8215490000748105,9.794148999958452,11.643098000149621,10.925269999950148,14.818306750041756
