nhóm,config,gpu,dtype,batch,img_size,p50,p95,p99,images_per_s,torch
backbone,resnet50,Tesla T4,fp32,1,224,5.66919800002097,8.403144049970024,8.430868609957543,176.39179298311703,2.11.0+cu128
backbone,resnet50,Tesla T4,fp16,1,224,6.408490000012534,6.905542400102149,7.304690860022456,156.04299920855678,2.11.0+cu128
backbone,resnext50,Tesla T4,fp32,1,224,7.7002634999985275,8.386229699993917,10.012266240090641,129.86568576519377,2.11.0+cu128
backbone,resnext50,Tesla T4,fp16,1,224,6.6365944999802196,7.260312350064169,9.656071629967759,150.67968971179127,2.11.0+cu128
backbone,convnext_tiny,Tesla T4,fp32,1,224,5.3467270000169265,9.352880400024333,9.367275759994982,187.0303084479223,2.11.0+cu128
backbone,convnext_tiny,Tesla T4,fp16,1,224,5.315826000014567,6.134227099994405,6.840486349979075,188.11751927118374,2.11.0+cu128
backbone,deit_small,Tesla T4,fp32,1,224,4.578304999995453,4.911971999939624,5.098684680000367,218.42144636519262,2.11.0+cu128
backbone,deit_small,Tesla T4,fp16,1,224,4.370816999994531,4.781801149977127,5.352690580017454,228.79017812945526,2.11.0+cu128
backbone,swin_tiny,Tesla T4,fp32,1,224,9.458228499966026,12.765106250014924,15.603030549972356,105.72804410504483,2.11.0+cu128
backbone,swin_tiny,Tesla T4,fp16,1,224,10.247522000042864,11.09802580002679,11.369189260051376,97.58456727351424,2.11.0+cu128
backbone,efficientnet_b0,Tesla T4,fp32,1,224,7.786492500031272,8.410039500017774,8.687300749935503,128.42753011012132,2.11.0+cu128
backbone,efficientnet_b0,Tesla T4,fp16,1,224,8.767380499989486,9.522219899952233,9.994784460010354,114.05915370060639,2.11.0+cu128
backbone,mobilenetv3,Tesla T4,fp32,1,224,5.989390500019454,6.5658278999308095,6.972602239989106,166.96189704056732,2.11.0+cu128
backbone,mobilenetv3,Tesla T4,fp16,1,224,7.218691499986107,8.024893100048303,8.545792939992225,138.5292611551449,2.11.0+cu128
